{
	"@Tool": "github.com/davyxu/tabtoy",
	"@Version": "3.0.1",
	"Objects": [
		{
			"Name": "ActorType",
			"Type": "Enum",
			"Fields": [
				{
					"Name": "None",
					"Type": "int",
					"Comment": "",
					"Value": "0"
				},
				{
					"Name": "Pharah",
					"Type": "int",
					"Comment": "法鸡",
					"Value": "1"
				},
				{
					"Name": "Junkrat",
					"Type": "int",
					"Comment": "狂鼠",
					"Value": "2"
				},
				{
					"Name": "Genji",
					"Type": "int",
					"Comment": "源氏",
					"Value": "3"
				},
				{
					"Name": "Mercy",
					"Type": "int",
					"Comment": "天使",
					"Value": "4"
				}
			]
		},
		{
			"Name": "ExampleData",
			"Type": "Struct",
			"Fields": [
				{
					"Name": "ID",
					"Type": "int",
					"Comment": "任务ID",
					"MakeIndex": true
				},
				{
					"Name": "Name",
					"Type": "string",
					"Comment": "名称"
				},
				{
					"Name": "Rate",
					"Type": "float",
					"Comment": "比例"
				},
				{
					"Name": "Accuracy",
					"Type": "double",
					"Comment": "精度"
				},
				{
					"Name": "Type",
					"Type": "ActorType",
					"Comment": "类型"
				},
				{
					"Name": "Skill",
					"Type": "int",
					"Comment": "技能列表",
					"ArraySplitter": "|"
				},
				{
					"Name": "Buff",
					"Type": "int",
					"Comment": "增益"
				},
				{
					"Name": "TagList",
					"Type": "string",
					"Comment": "标记",
					"ArraySplitter": "|"
				},
				{
					"Name": "Multi",
					"Type": "int",
					"Comment": "多列",
					"ArraySplitter": "|"
				}
			]
		},
		{
			"Name": "ExampleKV",
			"Type": "Struct",
			"Tags": [
				"k",
				"v",
				"n"
			],
			"Fields": [
				{
					"Name": "ServerIP",
					"Type": "string",
					"Comment": "服务器IP"
				},
				{
					"Name": "ServerPort",
					"Type": "uint16",
					"Comment": "服务器端口"
				},
				{
					"Name": "GroupID",
					"Type": "int",
					"Comment": "分组",
					"ArraySplitter": ";"
				}
			]
		},
		{
			"Name": "ExtendData",
			"Type": "Struct",
			"Fields": [
				{
					"Name": "Additive",
					"Type": "float",
					"Comment": "附加"
				}
			]
		}
	]
}